{
  "0": {
    "precision": 0.6408977556109726,
    "recall": 0.5421940928270043,
    "f1-score": 0.5874285714285714,
    "support": 474.0
  },
  "1": {
    "precision": 0.7284105131414268,
    "recall": 0.8016528925619835,
    "f1-score": 0.7632786885245901,
    "support": 726.0
  },
  "accuracy": 0.6991666666666667,
  "macro avg": {
    "precision": 0.6846541343761997,
    "recall": 0.6719234926944939,
    "f1-score": 0.6753536299765808,
    "support": 1200.0
  },
  "weighted avg": {
    "precision": 0.6938429739168974,
    "recall": 0.6991666666666667,
    "f1-score": 0.6938178922716627,
    "support": 1200.0
  }
}