{
  "0": {
    "precision": 0.8828125,
    "recall": 0.8411910669975186,
    "f1-score": 0.8614993646759848,
    "support": 403.0
  },
  "1": {
    "precision": 0.9215686274509803,
    "recall": 0.9435382685069009,
    "f1-score": 0.9324240545567266,
    "support": 797.0
  },
  "accuracy": 0.9091666666666667,
  "macro avg": {
    "precision": 0.9021905637254901,
    "recall": 0.8923646677522097,
    "f1-score": 0.8969617096163557,
    "support": 1200.0
  },
  "weighted avg": {
    "precision": 0.9085530279820262,
    "recall": 0.9091666666666667,
    "f1-score": 0.9086051795384442,
    "support": 1200.0
  }
}