{
  "0": {
    "precision": 0.8742331288343558,
    "recall": 0.707196029776675,
    "f1-score": 0.7818930041152263,
    "support": 403.0
  },
  "1": {
    "precision": 0.8649885583524027,
    "recall": 0.9485570890840652,
    "f1-score": 0.9048473967684022,
    "support": 797.0
  },
  "accuracy": 0.8675,
  "macro avg": {
    "precision": 0.8696108435933793,
    "recall": 0.8278765594303701,
    "f1-score": 0.8433702004418142,
    "support": 1200.0
  },
  "weighted avg": {
    "precision": 0.8680931932725919,
    "recall": 0.8675,
    "f1-score": 0.8635552132357107,
    "support": 1200.0
  }
}