{
  "0": {
    "precision": 0.6646090534979424,
    "recall": 0.6048689138576779,
    "f1-score": 0.6333333333333333,
    "support": 534.0
  },
  "1": {
    "precision": 0.7044817927170869,
    "recall": 0.7552552552552553,
    "f1-score": 0.7289855072463768,
    "support": 666.0
  },
  "accuracy": 0.6883333333333334,
  "macro avg": {
    "precision": 0.6845454231075147,
    "recall": 0.6800620845564667,
    "f1-score": 0.681159420289855,
    "support": 1200.0
  },
  "weighted avg": {
    "precision": 0.6867384237645676,
    "recall": 0.6883333333333334,
    "f1-score": 0.6864202898550724,
    "support": 1200.0
  }
}