{
  "0": {
    "precision": 0.6176470588235294,
    "recall": 0.5316455696202531,
    "f1-score": 0.5714285714285714,
    "support": 474.0
  },
  "1": {
    "precision": 0.7196969696969697,
    "recall": 0.7851239669421488,
    "f1-score": 0.7509881422924901,
    "support": 726.0
  },
  "accuracy": 0.685,
  "macro avg": {
    "precision": 0.6686720142602496,
    "recall": 0.658384768281201,
    "f1-score": 0.6612083568605307,
    "support": 1200.0
  },
  "weighted avg": {
    "precision": 0.6793872549019607,
    "recall": 0.685,
    "f1-score": 0.6800621118012422,
    "support": 1200.0
  }
}