{
  "0": {
    "precision": 0.863013698630137,
    "recall": 0.7816377171215881,
    "f1-score": 0.8203125,
    "support": 403.0
  },
  "1": {
    "precision": 0.8946107784431138,
    "recall": 0.9372647427854455,
    "f1-score": 0.9154411764705882,
    "support": 797.0
  },
  "accuracy": 0.885,
  "macro avg": {
    "precision": 0.8788122385366254,
    "recall": 0.8594512299535169,
    "f1-score": 0.8678768382352942,
    "support": 1200.0
  },
  "weighted avg": {
    "precision": 0.8839994258059223,
    "recall": 0.885,
    "f1-score": 0.8834937959558823,
    "support": 1200.0
  }
}