{
  "0": {
    "precision": 0.8555858310626703,
    "recall": 0.7791563275434243,
    "f1-score": 0.8155844155844156,
    "support": 403.0
  },
  "1": {
    "precision": 0.8931572629051621,
    "recall": 0.9335006273525721,
    "f1-score": 0.912883435582822,
    "support": 797.0
  },
  "accuracy": 0.8816666666666667,
  "macro avg": {
    "precision": 0.8743715469839162,
    "recall": 0.8563284774479982,
    "f1-score": 0.8642339255836189,
    "support": 1200.0
  },
  "weighted avg": {
    "precision": 0.8805395237113919,
    "recall": 0.8816666666666667,
    "f1-score": 0.8802071813666905,
    "support": 1200.0
  }
}