{
  "0": {
    "precision": 0.6077481840193705,
    "recall": 0.7492537313432835,
    "f1-score": 0.6711229946524064,
    "support": 670.0
  },
  "1": {
    "precision": 0.5508021390374331,
    "recall": 0.3886792452830189,
    "f1-score": 0.4557522123893805,
    "support": 530.0
  },
  "accuracy": 0.59,
  "macro avg": {
    "precision": 0.5792751615284017,
    "recall": 0.5689664883131512,
    "f1-score": 0.5634376035208934,
    "support": 1200.0
  },
  "weighted avg": {
    "precision": 0.5825970141523481,
    "recall": 0.59,
    "f1-score": 0.5760008991529033,
    "support": 1200.0
  }
}