{
  "0": {
    "precision": 0.6778242677824268,
    "recall": 0.6067415730337079,
    "f1-score": 0.6403162055335968,
    "support": 534.0
  },
  "1": {
    "precision": 0.7091412742382271,
    "recall": 0.7687687687687688,
    "f1-score": 0.7377521613832853,
    "support": 666.0
  },
  "accuracy": 0.6966666666666667,
  "macro avg": {
    "precision": 0.693482771010327,
    "recall": 0.6877551709012384,
    "f1-score": 0.689034183458441,
    "support": 1200.0
  },
  "weighted avg": {
    "precision": 0.695205206365396,
    "recall": 0.6966666666666667,
    "f1-score": 0.6943931610301739,
    "support": 1200.0
  }
}