{
  "0": {
    "precision": 0.62,
    "recall": 0.4578059071729958,
    "f1-score": 0.5266990291262136,
    "support": 474.0
  },
  "1": {
    "precision": 0.6976470588235294,
    "recall": 0.8168044077134986,
    "f1-score": 0.7525380710659898,
    "support": 726.0
  },
  "accuracy": 0.675,
  "macro avg": {
    "precision": 0.6588235294117647,
    "recall": 0.6373051574432472,
    "f1-score": 0.6396185500961017,
    "support": 1200.0
  },
  "weighted avg": {
    "precision": 0.6669764705882353,
    "recall": 0.675,
    "f1-score": 0.6633316494997782,
    "support": 1200.0
  }
}