{
  "0": {
    "precision": 0.6143958868894601,
    "recall": 0.7134328358208956,
    "f1-score": 0.6602209944751382,
    "support": 670.0
  },
  "1": {
    "precision": 0.5450236966824644,
    "recall": 0.4339622641509434,
    "f1-score": 0.4831932773109244,
    "support": 530.0
  },
  "accuracy": 0.59,
  "macro avg": {
    "precision": 0.5797097917859623,
    "recall": 0.5736975499859195,
    "f1-score": 0.5717071358930312,
    "support": 1200.0
  },
  "weighted avg": {
    "precision": 0.5837565028813704,
    "recall": 0.59,
    "f1-score": 0.5820337527276104,
    "support": 1200.0
  }
}