{
  "0": {
    "precision": 0.5990279465370595,
    "recall": 0.735820895522388,
    "f1-score": 0.6604152712659076,
    "support": 670.0
  },
  "1": {
    "precision": 0.5305039787798409,
    "recall": 0.37735849056603776,
    "f1-score": 0.4410143329658214,
    "support": 530.0
  },
  "accuracy": 0.5775,
  "macro avg": {
    "precision": 0.5647659626584502,
    "recall": 0.5565896930442129,
    "f1-score": 0.5507148021158645,
    "support": 1200.0
  },
  "weighted avg": {
    "precision": 0.5687631941109546,
    "recall": 0.5775,
    "f1-score": 0.5635131901833694,
    "support": 1200.0
  }
}