{
  "0": {
    "precision": 0.6958424507658644,
    "recall": 0.5955056179775281,
    "f1-score": 0.6417759838546923,
    "support": 534.0
  },
  "1": {
    "precision": 0.7092866756393001,
    "recall": 0.7912912912912913,
    "f1-score": 0.7480482611781405,
    "support": 666.0
  },
  "accuracy": 0.7041666666666667,
  "macro avg": {
    "precision": 0.7025645632025823,
    "recall": 0.6933984546344096,
    "f1-score": 0.6949121225164163,
    "support": 1200.0
  },
  "weighted avg": {
    "precision": 0.7033039955706212,
    "recall": 0.7041666666666667,
    "f1-score": 0.700757097769206,
    "support": 1200.0
  }
}